{
  "meta_module": "templates.metaheuristic",
  "deadline": 10,
  "repeats": 2,
  "seed": null,
  "params": {},
  "instances_dir": "instances",
  "timestamp": 1766140359,
  "git_commit": "bf927178387789e92246e24a98a2450f1bc69cbd",
  "git_branch": "main",
  "git_dirty": false,
  "instances": {
    "instance_n1000_k100_15.json": {
      "runs": [
        {
          "seed": null,
          "time_sec": 10.0,
          "objective": 0.2500419319613376,
          "ret": 1.877673699035811,
          "size": 100,
          "feasible": true,
          "excluded_assets": 747,
          "full_n": 1000
        },
        {
          "seed": null,
          "time_sec": 10.0,
          "objective": 0.247884639359064,
          "ret": 1.8725367088629223,
          "size": 100,
          "feasible": true,
          "excluded_assets": 747,
          "full_n": 1000
        }
      ],
      "summary": {
        "best_objective": 0.2500419319613376,
        "mean_objective": 0.24896328566020082,
        "median_objective": 0.24896328566020082,
        "best_return": 1.877673699035811,
        "best_time": 10.0,
        "feasible_rate": 1.0
      }
    },
    "instance_n1000_k50_14.json": {
      "runs": [
        {
          "seed": null,
          "time_sec": 10.0,
          "objective": 0.3499775104195888,
          "ret": 2.0669330483324315,
          "size": 50,
          "feasible": true,
          "excluded_assets": 658,
          "full_n": 1000
        },
        {
          "seed": null,
          "time_sec": 10.0,
          "objective": 0.3532027970792636,
          "ret": 1.9572196648897915,
          "size": 50,
          "feasible": true,
          "excluded_assets": 658,
          "full_n": 1000
        }
      ],
      "summary": {
        "best_objective": 0.3532027970792636,
        "mean_objective": 0.3515901537494262,
        "median_objective": 0.3515901537494262,
        "best_return": 2.0669330483324315,
        "best_time": 10.0,
        "feasible_rate": 1.0
      }
    },
    "instance_n100_k10_7.json": {
      "runs": [
        {
          "seed": null,
          "time_sec": 10.0,
          "objective": 0.2946185016747272,
          "ret": 1.764122802095501,
          "size": 10,
          "feasible": true,
          "excluded_assets": 0,
          "full_n": 100
        },
        {
          "seed": null,
          "time_sec": 10.0,
          "objective": 0.2883650798286561,
          "ret": 1.8994322100315322,
          "size": 10,
          "feasible": true,
          "excluded_assets": 0,
          "full_n": 100
        }
      ],
      "summary": {
        "best_objective": 0.2946185016747272,
        "mean_objective": 0.2914917907516916,
        "median_objective": 0.2914917907516916,
        "best_return": 1.8994322100315322,
        "best_time": 10.0,
        "feasible_rate": 1.0
      }
    },
    "instance_n100_k5_5.json": {
      "runs": [
        {
          "seed": null,
          "time_sec": 10.0,
          "objective": 0.27679286044843493,
          "ret": 1.870470267446171,
          "size": 5,
          "feasible": true,
          "excluded_assets": 0,
          "full_n": 100
        },
        {
          "seed": null,
          "time_sec": 10.0,
          "objective": 0.28544407770072616,
          "ret": 1.29812934754139,
          "size": 5,
          "feasible": false,
          "excluded_assets": 0,
          "full_n": 100
        }
      ],
      "summary": {
        "best_objective": 0.28544407770072616,
        "mean_objective": 0.28111846907458055,
        "median_objective": 0.28111846907458055,
        "best_return": 1.870470267446171,
        "best_time": 10.0,
        "feasible_rate": 0.5
      }
    },
    "instance_n500_k25_9.json": {
      "runs": [
        {
          "seed": null,
          "time_sec": 10.0,
          "objective": 0.27873283662075754,
          "ret": 1.9477735733348673,
          "size": 25,
          "feasible": true,
          "excluded_assets": 299,
          "full_n": 500
        },
        {
          "seed": null,
          "time_sec": 10.0,
          "objective": 0.2743362361089523,
          "ret": 1.8362260920144937,
          "size": 25,
          "feasible": true,
          "excluded_assets": 299,
          "full_n": 500
        }
      ],
      "summary": {
        "best_objective": 0.27873283662075754,
        "mean_objective": 0.2765345363648549,
        "median_objective": 0.2765345363648549,
        "best_return": 1.9477735733348673,
        "best_time": 10.0,
        "feasible_rate": 1.0
      }
    },
    "instance_n500_k50_12.json": {
      "runs": [
        {
          "seed": null,
          "time_sec": 10.0,
          "objective": 0.34934489917340905,
          "ret": 1.9580966977052698,
          "size": 50,
          "feasible": true,
          "excluded_assets": 283,
          "full_n": 500
        },
        {
          "seed": null,
          "time_sec": 10.0,
          "objective": 0.34986176059060364,
          "ret": 2.1111481499756573,
          "size": 50,
          "feasible": true,
          "excluded_assets": 283,
          "full_n": 500
        }
      ],
      "summary": {
        "best_objective": 0.34986176059060364,
        "mean_objective": 0.3496033298820064,
        "median_objective": 0.3496033298820064,
        "best_return": 2.1111481499756573,
        "best_time": 10.0,
        "feasible_rate": 1.0
      }
    },
    "instance_n50_k2_1.json": {
      "runs": [
        {
          "seed": null,
          "time_sec": 10.0,
          "objective": 0.23084123891354685,
          "ret": 2.137073297212968,
          "size": 2,
          "feasible": true,
          "excluded_assets": 0,
          "full_n": 50
        },
        {
          "seed": null,
          "time_sec": 10.0,
          "objective": 0.2308624998985724,
          "ret": 2.1364513613838376,
          "size": 2,
          "feasible": true,
          "excluded_assets": 0,
          "full_n": 50
        }
      ],
      "summary": {
        "best_objective": 0.2308624998985724,
        "mean_objective": 0.23085186940605962,
        "median_objective": 0.23085186940605962,
        "best_return": 2.137073297212968,
        "best_time": 10.0,
        "feasible_rate": 1.0
      }
    },
    "instance_n50_k2_2.json": {
      "runs": [
        {
          "seed": null,
          "time_sec": 10.0,
          "objective": 0.23127500000000004,
          "ret": 1.460000000565295,
          "size": 2,
          "feasible": false,
          "excluded_assets": 0,
          "full_n": 50
        },
        {
          "seed": null,
          "time_sec": 10.0,
          "objective": 0.2374999999963799,
          "ret": 1.6450518960563043,
          "size": 2,
          "feasible": false,
          "excluded_assets": 0,
          "full_n": 50
        }
      ],
      "summary": {
        "best_objective": 0.2374999999963799,
        "mean_objective": 0.23438749999818997,
        "median_objective": 0.23438749999818997,
        "best_return": 1.6450518960563043,
        "best_time": 10.0,
        "feasible_rate": 0.0
      }
    },
    "instance_n50_k5_4.json": {
      "runs": [
        {
          "seed": null,
          "time_sec": 10.0,
          "objective": 0.27391683373685216,
          "ret": 1.5561645688622585,
          "size": 5,
          "feasible": false,
          "excluded_assets": 0,
          "full_n": 50
        },
        {
          "seed": null,
          "time_sec": 10.0,
          "objective": 0.27388350767260394,
          "ret": 1.8492125857667998,
          "size": 5,
          "feasible": true,
          "excluded_assets": 0,
          "full_n": 50
        }
      ],
      "summary": {
        "best_objective": 0.27391683373685216,
        "mean_objective": 0.27390017070472805,
        "median_objective": 0.27390017070472805,
        "best_return": 1.8492125857667998,
        "best_time": 10.0,
        "feasible_rate": 0.5
      }
    },